,name,code,value_count
0,서귀포시,39020,0
1,제주시,39010,0
2,합천군,38400,0
3,거창군,38390,0
4,함양군,38380,0
5,산청군,38370,0
6,하동군,38360,0
7,남해군,38350,0
8,고성군,38340,0
9,창녕군,38330,0
10,함안군,38320,0
11,의령군,38310,0
12,창원시진해구,38115,0
13,창원시마산회원구,38114,0
14,창원시마산합포구,38113,0
15,창원시성산구,38112,0
16,창원시의창구,38111,0
17,양산시,38100,0
18,거제시,38090,0
19,밀양시,38080,0
20,김해시,38070,0
21,사천시,38060,0
22,통영시,38050,0
23,진주시,38030,0
24,울릉군,37430,0
25,울진군,37420,0
26,봉화군,37410,0
27,예천군,37400,0
28,칠곡군,37390,0
29,성주군,37380,0
30,고령군,37370,0
31,청도군,37360,0
32,영덕군,37350,0
33,영양군,37340,0
34,청송군,37330,0
35,의성군,37320,0
36,군위군,37310,0
37,경산시,37100,0
38,문경시,37090,0
39,상주시,37080,0
40,영천시,37070,0
41,영주시,37060,0
42,구미시,37050,0
43,안동시,37040,0
44,김천시,37030,0
45,경주시,37020,0
46,포항시북구,37012,0
47,포항시남구,37011,0
48,신안군,36480,0
49,진도군,36470,0
50,완도군,36460,0
51,장성군,36450,0
52,영광군,36440,0
53,함평군,36430,0
54,무안군,36420,0
55,영암군,36410,0
56,해남군,36400,0
57,강진군,36390,0
58,장흥군,36380,0
59,화순군,36370,0
60,보성군,36360,0
61,고흥군,36350,0
62,구례군,36330,0
63,곡성군,36320,0
64,담양군,36310,0
65,광양시,36060,0
66,나주시,36040,0
67,순천시,36030,0
68,여수시,36020,0
69,목포시,36010,0
70,부안군,35380,0
71,고창군,35370,0
72,순창군,35360,0
73,임실군,35350,0
74,장수군,35340,0
75,무주군,35330,0
76,진안군,35320,0
77,완주군,35310,0
78,김제시,35060,0
79,남원시,35050,0
80,정읍시,35040,0
81,익산시,35030,0
82,군산시,35020,0
83,전주시덕진구,35012,0
84,전주시완산구,35011,0
85,태안군,34380,0
86,예산군,34370,0
87,홍성군,34360,0
88,청양군,34350,0
89,서천군,34340,0
90,부여군,34330,0
91,금산군,34310,0
92,당진시,34080,0
93,계룡시,34070,0
94,논산시,34060,0
95,서산시,34050,0
96,아산시,34040,0
97,보령시,34030,0
98,공주시,34020,0
99,천안시서북구,34012,0
100,천안시동남구,34011,0
101,증평군,33390,0
102,단양군,33380,0
103,음성군,33370,0
104,괴산군,33360,0
105,진천군,33350,0
106,영동군,33340,0
107,옥천군,33330,0
108,보은군,33320,0
109,청원군,33310,0
110,제천시,33030,0
111,충주시,33020,0
112,청주시흥덕구,33012,0
113,청주시상당구,33011,0
114,양양군,32410,0
115,고성군,32400,0
116,인제군,32390,0
117,양구군,32380,0
118,화천군,32370,0
119,철원군,32360,0
120,정선군,32350,0
121,평창군,32340,0
122,영월군,32330,0
123,횡성군,32320,0
124,홍천군,32310,0
125,삼척시,32070,0
126,속초시,32060,0
127,태백시,32050,0
128,동해시,32040,0
129,강릉시,32030,0
130,원주시,32020,0
131,춘천시,32010,0
132,양평군,31380,0
133,가평군,31370,0
134,연천군,31350,0
135,여주시,31280,0
136,포천시,31270,0
137,양주시,31260,0
138,광주시,31250,0
139,화성시,31240,0
140,김포시,31230,0
141,안성시,31220,0
142,이천시,31210,0
143,파주시,31200,0
144,용인시수지구,31193,0
145,용인시기흥구,31192,0
146,용인시처인구,31191,0
147,하남시,31180,0
148,의왕시,31170,0
149,군포시,31160,0
150,시흥시,31150,0
151,오산시,31140,0
152,남양주시,31130,0
153,구리시,31120,0
154,과천시,31110,0
155,고양시일산서구,31104,0
156,고양시일산동구,31103,0
157,고양시덕양구,31101,0
158,안산시단원구,31092,0
159,안산시상록구,31091,0
160,동두천시,31080,0
161,평택시,31070,0
162,광명시,31060,0
163,부천시오정구,31053,0
164,부천시소사구,31052,0
165,부천시원미구,31051,0
166,안양시동안구,31042,0
167,안양시만안구,31041,0
168,의정부시,31030,0
169,성남시분당구,31023,0
170,성남시중원구,31022,0
171,성남시수정구,31021,0
172,수원시영통구,31014,0
173,수원시팔달구,31013,0
174,수원시권선구,31012,0
175,수원시장안구,31011,0
176,세종시,29010,0
177,울주군,26310,0
178,북구,26040,0
179,동구,26030,0
180,남구,26020,0
181,중구,26010,0
182,대덕구,25050,0
183,유성구,25040,0
184,서구,25030,0
185,중구,25020,0
186,동구,25010,0
187,광산구,24050,0
188,북구,24040,0
189,남구,24030,0
190,서구,24020,0
191,동구,24010,0
192,옹진군,23320,0
193,강화군,23310,0
194,서구,23080,0
195,계양구,23070,0
196,부평구,23060,0
197,남동구,23050,0
198,연수구,23040,0
199,남구,23030,0
200,동구,23020,0
201,중구,23010,0
202,달성군,22310,0
203,달서구,22070,0
204,수성구,22060,0
205,북구,22050,0
206,남구,22040,0
207,서구,22030,0
208,동구,22020,0
209,중구,22010,0
210,기장군,21310,0
211,사상구,21150,0
212,수영구,21140,0
213,연제구,21130,0
214,강서구,21120,0
215,금정구,21110,0
216,사하구,21100,0
217,해운대구,21090,0
218,북구,21080,0
219,남구,21070,0
220,동래구,21060,0
221,부산진구,21050,0
222,영도구,21040,0
223,동구,21030,0
224,서구,21020,0
225,중구,21010,0
226,강동구,11250,677
227,송파구,11240,1259
228,강남구,11230,1928
229,서초구,11220,1131
230,관악구,11210,721
231,동작구,11200,567
232,영등포구,11190,1068
233,금천구,11180,507
234,구로구,11170,553
235,강서구,11160,932
236,양천구,11150,539
237,마포구,11140,1775
238,서대문구,11130,632
239,은평구,11120,570
240,노원구,11110,614
241,도봉구,11100,366
242,강북구,11090,452
243,성북구,11080,727
244,중랑구,11070,484
245,동대문구,11060,632
246,광진구,11050,731
247,성동구,11040,723
248,용산구,11030,791
249,중구,11020,947
250,종로구,11010,1128
